Model,MSE,MAE,R²,Accuracy
Ridge Regression with Hyperparameter Tuning,1787908529.635288,29610.86323005699,0.750313593704573,11.167093157200592
